{
	"credit": "Made with Blockbench",
	"texture_size": [128, 128],
	"textures": {
		"0": "items/rgbsheet1",
		"1": "items/glasspanetexture",
		"2": "items/qavassets1",
		"3": "items/qavlicenseplates",
		"4": "items/texturedmaterials2",
		"5": "items/qavassets4",
		"6": "block/gelly",
		"particle": "items/rgbsheet1"
	},
	"elements": [
		{
			"from": [10, 6.25, 29.01],
			"to": [14.75, 8, 29.01],
			"rotation": {"angle": 0, "axis": "z", "origin": [14.5, -1, 5]},
			"faces": {
				"north": {"uv": [4, 6, 5, 7], "rotation": 270, "texture": "#0"},
				"east": {"uv": [4, 6, 5, 7], "rotation": 90, "texture": "#0"},
				"south": {"uv": [4, 6, 5, 7], "rotation": 90, "texture": "#0"},
				"west": {"uv": [4, 6, 5, 7], "rotation": 90, "texture": "#0"},
				"up": {"uv": [4, 6, 5, 7], "rotation": 90, "texture": "#0"},
				"down": {"uv": [4, 6, 5, 7], "rotation": 90, "texture": "#0"}
			}
		},
		{
			"from": [0.75, 6.25, 29.01],
			"to": [5.5, 8, 29.01],
			"rotation": {"angle": 0, "axis": "z", "origin": [6.25, -1, 5]},
			"faces": {
				"north": {"uv": [4, 6, 5, 7], "rotation": 270, "texture": "#0"},
				"east": {"uv": [4, 6, 5, 7], "rotation": 90, "texture": "#0"},
				"south": {"uv": [4, 6, 5, 7], "rotation": 90, "texture": "#0"},
				"west": {"uv": [4, 6, 5, 7], "rotation": 90, "texture": "#0"},
				"up": {"uv": [4, 6, 5, 7], "rotation": 90, "texture": "#0"},
				"down": {"uv": [4, 6, 5, 7], "rotation": 90, "texture": "#0"}
			}
		},
		{
			"from": [-0.51, 1, 19.5],
			"to": [0.74, 10, 28.49],
			"rotation": {"angle": 0, "axis": "y", "origin": [8, 7, 8]},
			"faces": {
				"north": {"uv": [10, 8, 12, 12], "texture": "#4"},
				"east": {"uv": [10, 8, 12, 12], "texture": "#4"},
				"south": {"uv": [10, 8, 12, 12], "texture": "#4"},
				"west": {"uv": [10, 8, 12, 12], "texture": "#4"},
				"up": {"uv": [10, 8, 12, 12], "texture": "#4"},
				"down": {"uv": [10, 8, 12, 12], "texture": "#4"}
			}
		},
		{
			"from": [15.25, 1, 19.5],
			"to": [16.5, 10, 28.49],
			"rotation": {"angle": 0, "axis": "y", "origin": [8, 7, 8]},
			"faces": {
				"north": {"uv": [3, 0, 5, 4], "texture": "#4"},
				"east": {"uv": [1, 0, 3, 4], "texture": "#4"},
				"south": {"uv": [3, 0, 5, 4], "texture": "#4"},
				"west": {"uv": [5, 0, 7, 4], "texture": "#4"},
				"up": {"uv": [0, 0, 2, 4], "texture": "#4"},
				"down": {"uv": [3, 0, 5, 4], "texture": "#4"}
			}
		},
		{
			"from": [-0.01, 1, 15],
			"to": [0.24, 10, 19.5],
			"rotation": {"angle": 0, "axis": "y", "origin": [8, 7, 8]},
			"faces": {
				"north": {"uv": [10, 8, 12, 12], "texture": "#4"},
				"east": {"uv": [10, 8, 12, 12], "texture": "#4"},
				"south": {"uv": [10, 8, 12, 12], "texture": "#4"},
				"west": {"uv": [10, 8, 12, 12], "texture": "#4"},
				"up": {"uv": [10, 8, 12, 12], "texture": "#4"},
				"down": {"uv": [10, 8, 12, 12], "texture": "#4"}
			}
		},
		{
			"from": [-0.01, 10, 16.25],
			"to": [0.24, 12.25, 22],
			"rotation": {"angle": 0, "axis": "y", "origin": [8, 7, 8]},
			"faces": {
				"north": {"uv": [10, 8, 12, 12], "texture": "#4"},
				"east": {"uv": [10, 8, 12, 12], "texture": "#4"},
				"south": {"uv": [10, 8, 12, 12], "texture": "#4"},
				"west": {"uv": [10, 8, 12, 12], "texture": "#4"},
				"up": {"uv": [10, 8, 12, 12], "texture": "#4"},
				"down": {"uv": [10, 8, 12, 12], "texture": "#4"}
			}
		},
		{
			"from": [15.75, 1, 15],
			"to": [16, 10, 19.5],
			"rotation": {"angle": 0, "axis": "y", "origin": [8, 7, 8]},
			"faces": {
				"north": {"uv": [10, 8, 12, 12], "texture": "#4"},
				"east": {"uv": [2, 0, 4, 4], "texture": "#4"},
				"south": {"uv": [10, 8, 12, 12], "texture": "#4"},
				"west": {"uv": [10, 8, 12, 12], "texture": "#4"},
				"up": {"uv": [10, 8, 12, 12], "texture": "#4"},
				"down": {"uv": [10, 8, 12, 12], "texture": "#4"}
			}
		},
		{
			"from": [15.75, 10, 16.75],
			"to": [16, 12.25, 22],
			"rotation": {"angle": 0, "axis": "y", "origin": [8, 7, 8]},
			"faces": {
				"north": {"uv": [10, 8, 12, 12], "texture": "#4"},
				"east": {"uv": [0, 0, 2, 4], "texture": "#4"},
				"south": {"uv": [1, 0, 3, 4], "texture": "#4"},
				"west": {"uv": [0, 0, 2, 4], "texture": "#4"},
				"up": {"uv": [0, 0, 2, 4], "texture": "#4"},
				"down": {"uv": [0, 0, 2, 4], "texture": "#4"}
			}
		},
		{
			"from": [15.74, 8.75, 5.5],
			"to": [15.99, 13.75, 15],
			"rotation": {"angle": 0, "axis": "y", "origin": [8, 7, 8]},
			"faces": {
				"north": {"uv": [0, 0, 16, 16], "texture": "#1"},
				"east": {"uv": [0, 0, 16, 16], "texture": "#1"},
				"south": {"uv": [0, 0, 16, 16], "texture": "#1"},
				"west": {"uv": [0, 0, 16, 16], "texture": "#1"},
				"up": {"uv": [0, 0, 16, 16], "texture": "#1"},
				"down": {"uv": [0, 0, 16, 16], "texture": "#1"}
			}
		},
		{
			"from": [-0.01, 8.75, 0.25],
			"to": [0.24, 11.25, 4.75],
			"rotation": {"angle": 0, "axis": "y", "origin": [8, 7, 8]},
			"faces": {
				"north": {"uv": [0, 0, 16, 4], "texture": "#1"},
				"east": {"uv": [0, 0, 16, 4], "texture": "#1"},
				"south": {"uv": [0, 0, 16, 4], "texture": "#1"},
				"west": {"uv": [0, 0, 16, 4], "texture": "#1"},
				"up": {"uv": [0, 0, 16, 4], "texture": "#1"},
				"down": {"uv": [0, 0, 16, 4], "texture": "#1"}
			}
		},
		{
			"from": [15.74, 8.75, 0.25],
			"to": [15.99, 11.25, 4.75],
			"rotation": {"angle": 0, "axis": "y", "origin": [8, 7, 8]},
			"faces": {
				"north": {"uv": [0, 0, 16, 4], "texture": "#1"},
				"east": {"uv": [0, 0, 16, 4], "texture": "#1"},
				"south": {"uv": [0, 0, 16, 4], "texture": "#1"},
				"west": {"uv": [0, 0, 16, 4], "texture": "#1"},
				"up": {"uv": [0, 0, 16, 4], "texture": "#1"},
				"down": {"uv": [0, 0, 16, 4], "texture": "#1"}
			}
		},
		{
			"from": [-0.01, 8.75, 5.5],
			"to": [0.24, 13.75, 15],
			"rotation": {"angle": 0, "axis": "y", "origin": [8, 7, 8]},
			"faces": {
				"north": {"uv": [0, 0, 16, 16], "texture": "#1"},
				"east": {"uv": [0, 0, 16, 16], "texture": "#1"},
				"south": {"uv": [0, 0, 16, 16], "texture": "#1"},
				"west": {"uv": [0, 0, 16, 16], "texture": "#1"},
				"up": {"uv": [0, 0, 16, 16], "texture": "#1"},
				"down": {"uv": [0, 0, 16, 16], "texture": "#1"}
			}
		},
		{
			"from": [-0.01, 1, 5.5],
			"to": [0.24, 8.75, 15],
			"rotation": {"angle": 0, "axis": "y", "origin": [8, 7, 8]},
			"faces": {
				"north": {"uv": [10, 8, 12, 12], "texture": "#4"},
				"east": {"uv": [10, 8, 12, 12], "texture": "#4"},
				"south": {"uv": [10, 8, 12, 12], "texture": "#4"},
				"west": {"uv": [13, 8, 15, 12], "texture": "#4"},
				"up": {"uv": [10, 8, 12, 12], "texture": "#4"},
				"down": {"uv": [10, 8, 12, 12], "texture": "#4"}
			}
		},
		{
			"from": [15.75, 1, 5.5],
			"to": [16, 8.75, 15],
			"rotation": {"angle": 0, "axis": "y", "origin": [8, 7, 8]},
			"faces": {
				"north": {"uv": [10, 8, 12, 12], "texture": "#4"},
				"east": {"uv": [1, 0, 3, 4], "texture": "#4"},
				"south": {"uv": [10, 8, 12, 12], "texture": "#4"},
				"west": {"uv": [10, 8, 12, 12], "texture": "#4"},
				"up": {"uv": [10, 8, 12, 12], "texture": "#4"},
				"down": {"uv": [10, 8, 12, 12], "texture": "#4"}
			}
		},
		{
			"from": [-0.01, 1, 4.75],
			"to": [0.24, 9.5, 5.5],
			"rotation": {"angle": 0, "axis": "y", "origin": [8, 7, 8]},
			"faces": {
				"north": {"uv": [10, 8, 12, 12], "texture": "#4"},
				"east": {"uv": [10, 8, 12, 12], "texture": "#4"},
				"south": {"uv": [10, 8, 12, 12], "texture": "#4"},
				"west": {"uv": [10, 8, 12, 12], "texture": "#4"},
				"up": {"uv": [10, 8, 12, 12], "texture": "#4"},
				"down": {"uv": [10, 8, 12, 12], "texture": "#4"}
			}
		},
		{
			"from": [15.75, 1, 4.75],
			"to": [16, 9.75, 5.5],
			"rotation": {"angle": 0, "axis": "y", "origin": [8, 7, 8]},
			"faces": {
				"north": {"uv": [2, 0, 4, 4], "texture": "#4"},
				"east": {"uv": [2, 0, 4, 4], "texture": "#4"},
				"south": {"uv": [2, 0, 4, 4], "texture": "#4"},
				"west": {"uv": [2, 0, 4, 4], "texture": "#4"},
				"up": {"uv": [2, 0, 4, 4], "texture": "#4"},
				"down": {"uv": [3, 0, 5, 4], "texture": "#4"}
			}
		},
		{
			"from": [-0.01, 1, -5.75],
			"to": [0.24, 8.75, 4.75],
			"rotation": {"angle": 0, "axis": "y", "origin": [8, 7, 8]},
			"faces": {
				"north": {"uv": [10, 8, 12, 12], "texture": "#4"},
				"east": {"uv": [10, 8, 12, 12], "texture": "#4"},
				"south": {"uv": [10, 8, 12, 12], "texture": "#4"},
				"west": {"uv": [10, 8, 12, 12], "texture": "#4"},
				"up": {"uv": [10, 8, 12, 12], "texture": "#4"},
				"down": {"uv": [10, 8, 12, 12], "texture": "#4"}
			}
		},
		{
			"from": [-0.01, 1, -10.5],
			"to": [0.24, 6.25, -5.25],
			"rotation": {"angle": 0, "axis": "y", "origin": [8, 7, 8]},
			"faces": {
				"north": {"uv": [10, 8, 12, 12], "texture": "#4"},
				"east": {"uv": [10, 8, 12, 12], "texture": "#4"},
				"south": {"uv": [10, 8, 12, 12], "texture": "#4"},
				"west": {"uv": [10, 8, 12, 12], "texture": "#4"},
				"up": {"uv": [10, 8, 12, 12], "texture": "#4"},
				"down": {"uv": [10, 8, 12, 12], "texture": "#4"}
			}
		},
		{
			"from": [15.75, 1, -5.75],
			"to": [16, 8.75, 4.75],
			"rotation": {"angle": 0, "axis": "y", "origin": [8, 7, 8]},
			"faces": {
				"north": {"uv": [2, 0, 4, 4], "texture": "#4"},
				"east": {"uv": [2, 0, 4, 4], "texture": "#4"},
				"south": {"uv": [2, 0, 4, 4], "texture": "#4"},
				"west": {"uv": [2, 0, 4, 4], "texture": "#4"},
				"up": {"uv": [1.6, 0, 3.6, 4], "texture": "#4"},
				"down": {"uv": [2, 0, 4, 4], "texture": "#4"}
			}
		},
		{
			"from": [15.75, 1, -10.5],
			"to": [16, 6.25, -5.25],
			"rotation": {"angle": 0, "axis": "y", "origin": [8, 7, 8]},
			"faces": {
				"north": {"uv": [0, 0, 2, 4], "texture": "#4"},
				"east": {"uv": [0, 0, 2, 4], "texture": "#4"},
				"south": {"uv": [0, 0, 2, 4], "texture": "#4"},
				"west": {"uv": [0, 0, 2, 4], "texture": "#4"},
				"up": {"uv": [0, 0, 2, 4], "texture": "#4"},
				"down": {"uv": [0, 0, 2, 4], "texture": "#4"}
			}
		},
		{
			"from": [0, -0.75, 29],
			"to": [15.75, 1, 29.5],
			"rotation": {"angle": 0, "axis": "y", "origin": [8, 7, 5.5]},
			"faces": {
				"north": {"uv": [7, 15, 8, 16], "texture": "#0"},
				"east": {"uv": [7, 15, 8, 16], "texture": "#0"},
				"south": {"uv": [7, 15, 8, 16], "texture": "#0"},
				"west": {"uv": [7, 15, 8, 16], "texture": "#0"},
				"up": {"uv": [7, 15, 8, 16], "texture": "#0"},
				"down": {"uv": [7, 15, 8, 16], "texture": "#0"}
			}
		},
		{
			"from": [0, 2, 7],
			"to": [15.75, 4.25, 27],
			"rotation": {"angle": 0, "axis": "y", "origin": [8, 7, 8]},
			"faces": {
				"north": {"uv": [6, 15, 7, 16], "texture": "#0"},
				"east": {"uv": [6, 15, 7, 16], "texture": "#0"},
				"south": {"uv": [6, 15, 7, 16], "texture": "#0"},
				"west": {"uv": [6, 15, 7, 16], "texture": "#0"},
				"up": {"uv": [6, 15, 7, 16], "texture": "#0"},
				"down": {"uv": [6, 15, 7, 16], "texture": "#0"}
			}
		},
		{
			"from": [0, 0.75, 28.5],
			"to": [15.75, 9, 29],
			"rotation": {"angle": 0, "axis": "y", "origin": [8, 7, 5.5]},
			"faces": {
				"north": {"uv": [10, 7, 11, 8], "texture": "#0"},
				"east": {"uv": [10, 7, 11, 8], "texture": "#0"},
				"south": {"uv": [6, 14, 7, 15], "texture": "#0"},
				"west": {"uv": [10, 7, 11, 8], "texture": "#0"},
				"up": {"uv": [10, 7, 11, 8], "texture": "#0"},
				"down": {"uv": [10, 7, 11, 8], "texture": "#0"}
			}
		},
		{
			"from": [12, 0.75, 28.5],
			"to": [15.75, 3, 29.25],
			"rotation": {"angle": 0, "axis": "y", "origin": [8, 7, 5.5]},
			"faces": {
				"north": {"uv": [0, 0, 2, 4], "texture": "#4"},
				"east": {"uv": [0, 0, 2, 4], "texture": "#4"},
				"south": {"uv": [0, 0, 2, 4], "texture": "#4"},
				"west": {"uv": [0, 0, 2, 4], "texture": "#4"},
				"up": {"uv": [0, 0, 2, 4], "texture": "#4"},
				"down": {"uv": [0, 0, 2, 4], "texture": "#4"}
			}
		},
		{
			"from": [4, 1.25, 28.5],
			"to": [11.75, 4, 29.25],
			"rotation": {"angle": 0, "axis": "y", "origin": [2.5, 7, 5.5]},
			"faces": {
				"north": {"uv": [8, 15, 9, 16], "texture": "#0"},
				"east": {"uv": [8, 15, 9, 16], "texture": "#0"},
				"south": {"uv": [8, 15, 9, 16], "texture": "#0"},
				"west": {"uv": [8, 15, 9, 16], "texture": "#0"},
				"up": {"uv": [8, 15, 9, 16], "texture": "#0"},
				"down": {"uv": [8, 15, 9, 16], "texture": "#0"}
			}
		},
		{
			"from": [10.25, 1.5, 29],
			"to": [11.5, 2.75, 29.75],
			"rotation": {"angle": 0, "axis": "y", "origin": [3.5, 7, 6]},
			"faces": {
				"north": {"uv": [9, 14, 10, 15], "texture": "#0"},
				"east": {"uv": [9, 14, 10, 15], "texture": "#0"},
				"south": {"uv": [9, 14, 10, 15], "texture": "#0"},
				"west": {"uv": [9, 14, 10, 15], "texture": "#0"},
				"up": {"uv": [9, 14, 10, 15], "texture": "#0"},
				"down": {"uv": [9, 14, 10, 15], "texture": "#0"}
			}
		},
		{
			"from": [4.25, 1.5, 29],
			"to": [5.5, 2.75, 29.75],
			"rotation": {"angle": 0, "axis": "y", "origin": [1.5, 7, 6]},
			"faces": {
				"north": {"uv": [9, 14, 10, 15], "texture": "#0"},
				"east": {"uv": [9, 14, 10, 15], "texture": "#0"},
				"south": {"uv": [9, 14, 10, 15], "texture": "#0"},
				"west": {"uv": [9, 14, 10, 15], "texture": "#0"},
				"up": {"uv": [9, 14, 10, 15], "texture": "#0"},
				"down": {"uv": [9, 14, 10, 15], "texture": "#0"}
			}
		},
		{
			"from": [11, 5.5, 28.5],
			"to": [15.75, 6.25, 29.25],
			"rotation": {"angle": 0, "axis": "y", "origin": [8, 9.75, 5.5]},
			"faces": {
				"north": {"uv": [2, 0, 4, 4], "texture": "#4"},
				"east": {"uv": [2, 0, 4, 4], "texture": "#4"},
				"south": {"uv": [2, 0, 4, 4], "texture": "#4"},
				"west": {"uv": [2, 0, 4, 4], "texture": "#4"},
				"up": {"uv": [2, 0, 4, 4], "texture": "#4"},
				"down": {"uv": [2, 0, 4, 4], "texture": "#4"}
			}
		},
		{
			"from": [-0.25, 8.25, 28.5],
			"to": [7.75, 9.75, 29.25],
			"rotation": {"angle": 0, "axis": "y", "origin": [8, 12.75, 5.5]},
			"faces": {
				"north": {"uv": [10, 8, 12, 12], "texture": "#4"},
				"east": {"uv": [10, 8, 12, 12], "texture": "#4"},
				"south": {"uv": [10, 8, 12, 12], "texture": "#4"},
				"west": {"uv": [10, 8, 12, 12], "texture": "#4"},
				"up": {"uv": [10, 8, 12, 12], "texture": "#4"},
				"down": {"uv": [10, 8, 12, 12], "texture": "#4"}
			}
		},
		{
			"from": [7.75, 8.25, 28.5],
			"to": [15.75, 9.75, 29.25],
			"rotation": {"angle": 0, "axis": "y", "origin": [8, 12.75, 5.5]},
			"faces": {
				"north": {"uv": [1, 0, 3, 4], "texture": "#4"},
				"east": {"uv": [1, 0, 3, 4], "texture": "#4"},
				"south": {"uv": [1, 0, 3, 4], "texture": "#4"},
				"west": {"uv": [1, 0, 3, 4], "texture": "#4"},
				"up": {"uv": [1, 0, 3, 4], "texture": "#4"},
				"down": {"uv": [1, 0, 3, 4], "texture": "#4"}
			}
		},
		{
			"from": [-0.25, 11.75, 27.75],
			"to": [7.75, 12.5, 30.75],
			"rotation": {"angle": 0, "axis": "y", "origin": [8, 17, 6]},
			"faces": {
				"north": {"uv": [10, 8, 12, 12], "texture": "#4"},
				"east": {"uv": [10, 8, 12, 12], "texture": "#4"},
				"south": {"uv": [10, 8, 12, 12], "texture": "#4"},
				"west": {"uv": [10, 8, 12, 12], "texture": "#4"},
				"up": {"uv": [10, 8, 12, 12], "texture": "#4"},
				"down": {"uv": [10, 8, 12, 12], "texture": "#4"}
			}
		},
		{
			"from": [7.75, 11.75, 27.75],
			"to": [15.75, 12.5, 30.75],
			"rotation": {"angle": 0, "axis": "y", "origin": [8, 17, 6]},
			"faces": {
				"north": {"uv": [3, 0, 5, 4], "texture": "#4"},
				"east": {"uv": [3, 0, 5, 4], "texture": "#4"},
				"south": {"uv": [3, 0, 5, 4], "texture": "#4"},
				"west": {"uv": [3, 0, 5, 4], "texture": "#4"},
				"up": {"uv": [3, 0, 5, 4], "texture": "#4"},
				"down": {"uv": [3, 0, 5, 4], "texture": "#4"}
			}
		},
		{
			"from": [2, 9.25, 28],
			"to": [3, 12, 29.25],
			"rotation": {"angle": 0, "axis": "y", "origin": [9.25, 17, 6]},
			"faces": {
				"north": {"uv": [10, 7, 11, 8], "texture": "#0"},
				"east": {"uv": [10, 7, 11, 8], "texture": "#0"},
				"south": {"uv": [10, 7, 11, 8], "texture": "#0"},
				"west": {"uv": [10, 7, 11, 8], "texture": "#0"},
				"up": {"uv": [10, 7, 11, 8], "texture": "#0"},
				"down": {"uv": [10, 7, 11, 8], "texture": "#0"}
			}
		},
		{
			"from": [12.75, 9.25, 28],
			"to": [13.75, 12, 29.25],
			"rotation": {"angle": 0, "axis": "y", "origin": [7, 17, 6]},
			"faces": {
				"north": {"uv": [9, 5, 10, 6], "texture": "#0"},
				"east": {"uv": [9, 5, 10, 6], "texture": "#0"},
				"south": {"uv": [9, 5, 10, 6], "texture": "#0"},
				"west": {"uv": [9, 5, 10, 6], "texture": "#0"},
				"up": {"uv": [9, 5, 10, 6], "texture": "#0"},
				"down": {"uv": [9, 5, 10, 6], "texture": "#0"}
			}
		},
		{
			"from": [3.75, 7.25, 28.5],
			"to": [7.75, 8.25, 29.25],
			"rotation": {"angle": 0, "axis": "y", "origin": [8, 12.75, 5.5]},
			"faces": {
				"north": {"uv": [10, 8, 12, 12], "texture": "#4"},
				"east": {"uv": [10, 8, 12, 12], "texture": "#4"},
				"south": {"uv": [10, 8, 12, 12], "texture": "#4"},
				"west": {"uv": [10, 8, 12, 12], "texture": "#4"},
				"up": {"uv": [10, 8, 12, 12], "texture": "#4"},
				"down": {"uv": [10, 8, 12, 12], "texture": "#4"}
			}
		},
		{
			"from": [7.75, 7.25, 28.5],
			"to": [11.75, 8.25, 29.25],
			"rotation": {"angle": 0, "axis": "y", "origin": [8, 12.75, 5.5]},
			"faces": {
				"north": {"uv": [1, 0, 3, 4], "texture": "#4"},
				"east": {"uv": [1, 0, 3, 4], "texture": "#4"},
				"south": {"uv": [1, 0, 3, 4], "texture": "#4"},
				"west": {"uv": [1, 0, 3, 4], "texture": "#4"},
				"up": {"uv": [1, 0, 3, 4], "texture": "#4"},
				"down": {"uv": [1, 0, 3, 4], "texture": "#4"}
			}
		},
		{
			"from": [14.75, 3, 28.5],
			"to": [15.75, 8.25, 29.25],
			"rotation": {"angle": 0, "axis": "y", "origin": [8, 12.75, 5.5]},
			"faces": {
				"north": {"uv": [0, 0, 2, 4], "texture": "#4"},
				"east": {"uv": [0, 0, 2, 4], "texture": "#4"},
				"south": {"uv": [0, 0, 2, 4], "texture": "#4"},
				"west": {"uv": [0, 0, 2, 4], "texture": "#4"},
				"up": {"uv": [0, 0, 2, 4], "texture": "#4"},
				"down": {"uv": [0, 0, 2, 4], "texture": "#4"}
			}
		},
		{
			"from": [-0.25, 3, 28.5],
			"to": [1, 8.25, 29.25],
			"rotation": {"angle": 0, "axis": "y", "origin": [8, 12.75, 5.5]},
			"faces": {
				"north": {"uv": [10, 8, 12, 12], "texture": "#4"},
				"east": {"uv": [10, 8, 12, 12], "texture": "#4"},
				"south": {"uv": [10, 8, 12, 12], "texture": "#4"},
				"west": {"uv": [10, 8, 12, 12], "texture": "#4"},
				"up": {"uv": [10, 8, 12, 12], "texture": "#4"},
				"down": {"uv": [10, 8, 12, 12], "texture": "#4"}
			}
		},
		{
			"from": [0, 0.75, 28.5],
			"to": [3.75, 3, 29.25],
			"rotation": {"angle": 0, "axis": "y", "origin": [8, 7, 5.5]},
			"faces": {
				"north": {"uv": [10, 8, 12, 12], "texture": "#4"},
				"east": {"uv": [10, 8, 12, 12], "texture": "#4"},
				"south": {"uv": [10, 8, 12, 12], "texture": "#4"},
				"west": {"uv": [10, 8, 12, 12], "texture": "#4"},
				"up": {"uv": [10, 8, 12, 12], "texture": "#4"},
				"down": {"uv": [10, 8, 12, 12], "texture": "#4"}
			}
		},
		{
			"from": [0, 5.75, 28.5],
			"to": [4.75, 6.25, 29.25],
			"rotation": {"angle": 0, "axis": "y", "origin": [8, 9.75, 5.5]},
			"faces": {
				"north": {"uv": [10, 8, 12, 12], "texture": "#4"},
				"east": {"uv": [10, 8, 12, 12], "texture": "#4"},
				"south": {"uv": [10, 8, 12, 12], "texture": "#4"},
				"west": {"uv": [10, 8, 12, 12], "texture": "#4"},
				"up": {"uv": [10, 8, 12, 12], "texture": "#4"},
				"down": {"uv": [10, 8, 12, 12], "texture": "#4"}
			}
		},
		{
			"from": [1.75, 4.5, -6.25],
			"to": [14.25, 7, -4],
			"rotation": {"angle": 0, "axis": "y", "origin": [8, 7, 8]},
			"faces": {
				"north": {"uv": [10, 7, 11, 8], "texture": "#0"},
				"east": {"uv": [10, 7, 11, 8], "texture": "#0"},
				"south": {"uv": [10, 7, 11, 8], "texture": "#0"},
				"west": {"uv": [10, 7, 11, 8], "texture": "#0"},
				"up": {"uv": [10, 7, 11, 8], "texture": "#0"},
				"down": {"uv": [10, 7, 11, 8], "texture": "#0"}
			}
		},
		{
			"from": [11, 6.5, -14.25],
			"to": [15, 9, -3.5],
			"rotation": {"angle": -22.5, "axis": "x", "origin": [7.98102, 6.02291, -5.12889]},
			"faces": {
				"north": {"uv": [2, 0, 4, 4], "texture": "#4"},
				"east": {"uv": [2, 0, 4, 4], "texture": "#4"},
				"south": {"uv": [2, 0, 4, 4], "texture": "#4"},
				"west": {"uv": [2, 0, 4, 4], "texture": "#4"},
				"up": {"uv": [4, 0, 6, 4], "texture": "#4"},
				"down": {"uv": [2, 0, 4, 4], "texture": "#4"}
			}
		},
		{
			"from": [1, 6.5, -14.25],
			"to": [5, 9, -3.5],
			"rotation": {"angle": -22.5, "axis": "x", "origin": [7.98102, 6.02291, -5.12889]},
			"faces": {
				"north": {"uv": [10, 8, 12, 12], "texture": "#4"},
				"east": {"uv": [10, 8, 12, 12], "texture": "#4"},
				"south": {"uv": [10, 8, 12, 12], "texture": "#4"},
				"west": {"uv": [10, 8, 12, 12], "texture": "#4"},
				"up": {"uv": [10, 8, 12, 12], "texture": "#4"},
				"down": {"uv": [10, 8, 12, 12], "texture": "#4"}
			}
		},
		{
			"from": [8, 6.5, -14.25],
			"to": [16, 8.5, -3.5],
			"rotation": {"angle": -22.5, "axis": "x", "origin": [7.98102, 6.02291, -5.12889]},
			"faces": {
				"north": {"uv": [0, 0, 2, 4], "texture": "#4"},
				"east": {"uv": [1, 0, 3, 4], "texture": "#4"},
				"south": {"uv": [0, 0, 2, 4], "texture": "#4"},
				"west": {"uv": [0, 0, 2, 4], "texture": "#4"},
				"up": {"uv": [0, 0, 2, 4], "texture": "#4"},
				"down": {"uv": [0, 0, 2, 4], "texture": "#4"}
			}
		},
		{
			"from": [0, 6.5, -14.25],
			"to": [8, 8.5, -3.5],
			"rotation": {"angle": -22.5, "axis": "x", "origin": [7.98102, 6.02291, -5.12889]},
			"faces": {
				"north": {"uv": [10, 8, 12, 12], "texture": "#4"},
				"east": {"uv": [10, 8, 12, 12], "texture": "#4"},
				"south": {"uv": [10, 8, 12, 12], "texture": "#4"},
				"west": {"uv": [10, 8, 12, 12], "texture": "#4"},
				"up": {"uv": [10, 8, 12, 12], "texture": "#4"},
				"down": {"uv": [10, 8, 12, 12], "texture": "#4"}
			}
		},
		{
			"from": [12, 9.001, -13.25],
			"to": [15, 9.251, -12],
			"rotation": {"angle": -22.5, "axis": "x", "origin": [7.73102, 6.02291, -5.12889]},
			"faces": {
				"north": {"uv": [4, 4, 8, 8], "rotation": 90, "texture": "#5"},
				"east": {"uv": [4, 4, 8, 8], "rotation": 90, "texture": "#5"},
				"south": {"uv": [4, 4, 8, 8], "rotation": 90, "texture": "#5"},
				"west": {"uv": [4, 4, 8, 8], "rotation": 90, "texture": "#5"},
				"up": {"uv": [4, 4, 8, 8], "rotation": 90, "texture": "#5"},
				"down": {"uv": [4, 4, 8, 8], "rotation": 90, "texture": "#5"}
			}
		},
		{
			"from": [16, 8.251, -13.25],
			"to": [16.25, 8.501, -12],
			"rotation": {"angle": -22.5, "axis": "x", "origin": [7.73102, 5.27291, -5.12889]},
			"faces": {
				"north": {"uv": [4, 8, 8, 12], "rotation": 90, "texture": "#5"},
				"east": {"uv": [4, 8, 8, 12], "rotation": 90, "texture": "#5"},
				"south": {"uv": [4, 8, 8, 12], "rotation": 90, "texture": "#5"},
				"west": {"uv": [4, 8, 8, 12], "rotation": 90, "texture": "#5"},
				"up": {"uv": [4, 8, 8, 12], "rotation": 90, "texture": "#5"},
				"down": {"uv": [4, 8, 8, 12], "rotation": 90, "texture": "#5"}
			}
		},
		{
			"from": [13.5, 9.001, -12],
			"to": [15, 9.251, -11.25],
			"rotation": {"angle": -22.5, "axis": "x", "origin": [7.73102, 6.02291, -5.12889]},
			"faces": {
				"north": {"uv": [4, 4, 8, 8], "rotation": 90, "texture": "#5"},
				"east": {"uv": [4, 4, 8, 8], "rotation": 90, "texture": "#5"},
				"south": {"uv": [4, 4, 8, 8], "rotation": 90, "texture": "#5"},
				"west": {"uv": [4, 4, 8, 8], "rotation": 90, "texture": "#5"},
				"up": {"uv": [4, 4, 8, 8], "rotation": 90, "texture": "#5"},
				"down": {"uv": [4, 4, 8, 8], "rotation": 90, "texture": "#5"}
			}
		},
		{
			"from": [14, 9.001, -11.25],
			"to": [15, 9.251, -10.5],
			"rotation": {"angle": -22.5, "axis": "x", "origin": [7.73102, 6.02291, -5.12889]},
			"faces": {
				"north": {"uv": [4, 4, 8, 8], "rotation": 90, "texture": "#5"},
				"east": {"uv": [4, 4, 8, 8], "rotation": 90, "texture": "#5"},
				"south": {"uv": [4, 4, 8, 8], "rotation": 90, "texture": "#5"},
				"west": {"uv": [4, 4, 8, 8], "rotation": 90, "texture": "#5"},
				"up": {"uv": [4, 4, 8, 8], "rotation": 90, "texture": "#5"},
				"down": {"uv": [4, 4, 8, 8], "rotation": 90, "texture": "#5"}
			}
		},
		{
			"from": [1, 9.001, -13.25],
			"to": [4, 9.251, -12],
			"rotation": {"angle": -22.5, "axis": "x", "origin": [7.98102, 6.02291, -5.12889]},
			"faces": {
				"north": {"uv": [4, 4, 8, 8], "rotation": 90, "texture": "#5"},
				"east": {"uv": [4, 4, 8, 8], "rotation": 90, "texture": "#5"},
				"south": {"uv": [4, 4, 8, 8], "rotation": 90, "texture": "#5"},
				"west": {"uv": [4, 4, 8, 8], "rotation": 90, "texture": "#5"},
				"up": {"uv": [4, 4, 8, 8], "rotation": 90, "texture": "#5"},
				"down": {"uv": [4, 4, 8, 8], "rotation": 90, "texture": "#5"}
			}
		},
		{
			"from": [-0.25, 8.251, -13.25],
			"to": [0, 8.501, -12],
			"rotation": {"angle": -22.5, "axis": "x", "origin": [7.98102, 5.27291, -5.12889]},
			"faces": {
				"north": {"uv": [4, 8, 8, 12], "rotation": 90, "texture": "#5"},
				"east": {"uv": [4, 8, 8, 12], "rotation": 90, "texture": "#5"},
				"south": {"uv": [4, 8, 8, 12], "rotation": 90, "texture": "#5"},
				"west": {"uv": [4, 8, 8, 12], "rotation": 90, "texture": "#5"},
				"up": {"uv": [4, 8, 8, 12], "rotation": 90, "texture": "#5"},
				"down": {"uv": [4, 8, 8, 12], "rotation": 90, "texture": "#5"}
			}
		},
		{
			"from": [1, 9.001, -12],
			"to": [2.5, 9.251, -11.25],
			"rotation": {"angle": -22.5, "axis": "x", "origin": [7.98102, 6.02291, -5.12889]},
			"faces": {
				"north": {"uv": [4, 4, 8, 8], "rotation": 90, "texture": "#5"},
				"east": {"uv": [4, 4, 8, 8], "rotation": 90, "texture": "#5"},
				"south": {"uv": [4, 4, 8, 8], "rotation": 90, "texture": "#5"},
				"west": {"uv": [4, 4, 8, 8], "rotation": 90, "texture": "#5"},
				"up": {"uv": [4, 4, 8, 8], "rotation": 90, "texture": "#5"},
				"down": {"uv": [4, 4, 8, 8], "rotation": 90, "texture": "#5"}
			}
		},
		{
			"from": [1, 9.001, -11.25],
			"to": [2, 9.251, -10.5],
			"rotation": {"angle": -22.5, "axis": "x", "origin": [7.98102, 6.02291, -5.12889]},
			"faces": {
				"north": {"uv": [4, 4, 8, 8], "rotation": 90, "texture": "#5"},
				"east": {"uv": [4, 4, 8, 8], "rotation": 90, "texture": "#5"},
				"south": {"uv": [4, 4, 8, 8], "rotation": 90, "texture": "#5"},
				"west": {"uv": [4, 4, 8, 8], "rotation": 90, "texture": "#5"},
				"up": {"uv": [4, 4, 8, 8], "rotation": 90, "texture": "#5"},
				"down": {"uv": [4, 4, 8, 8], "rotation": 90, "texture": "#5"}
			}
		},
		{
			"from": [5.25, 4.75, -0.75],
			"to": [9, 6.25, 0.75],
			"rotation": {"angle": 0, "axis": "y", "origin": [8, 7, 12]},
			"faces": {
				"north": {"uv": [6, 15, 7, 16], "texture": "#0"},
				"east": {"uv": [6, 15, 7, 16], "texture": "#0"},
				"south": {"uv": [6, 15, 7, 16], "texture": "#0"},
				"west": {"uv": [6, 15, 7, 16], "texture": "#0"},
				"up": {"uv": [6, 15, 7, 16], "texture": "#0"},
				"down": {"uv": [6, 15, 7, 16], "texture": "#0"}
			}
		},
		{
			"from": [1.25, 0.75, -5.75],
			"to": [15, 7.25, 0.5],
			"rotation": {"angle": 0, "axis": "y", "origin": [8, 7, 11]},
			"faces": {
				"north": {"uv": [8, 15, 9, 16], "texture": "#0"},
				"east": {"uv": [8, 15, 9, 16], "texture": "#0"},
				"south": {"uv": [8, 15, 9, 16], "texture": "#0"},
				"west": {"uv": [8, 15, 9, 16], "texture": "#0"},
				"up": {"uv": [8, 15, 9, 16], "texture": "#0"},
				"down": {"uv": [8, 15, 9, 16], "texture": "#0"}
			}
		},
		{
			"from": [1.25, 0.75, 11],
			"to": [15, 8.25, 28.5],
			"rotation": {"angle": 0, "axis": "y", "origin": [8, 7, 39]},
			"faces": {
				"north": {"uv": [8, 15, 9, 16], "texture": "#0"},
				"east": {"uv": [8, 15, 9, 16], "texture": "#0"},
				"south": {"uv": [8, 15, 9, 16], "texture": "#0"},
				"west": {"uv": [8, 15, 9, 16], "texture": "#0"},
				"up": {"uv": [8, 15, 9, 16], "texture": "#0"},
				"down": {"uv": [8, 15, 9, 16], "texture": "#0"}
			}
		},
		{
			"from": [5.25, -0.5, -15.75],
			"to": [10.75, 0.5, -15.4],
			"rotation": {"angle": 0, "axis": "y", "origin": [7.25, 5.25, 8.25]},
			"faces": {
				"north": {"uv": [0, 2, 6.25, 4], "texture": "#3"},
				"east": {"uv": [0, 2, 8, 4], "texture": "#3"},
				"south": {"uv": [0, 2, 8, 4], "texture": "#3"},
				"west": {"uv": [0, 2, 8, 4], "texture": "#3"},
				"up": {"uv": [0, 2, 8, 4], "texture": "#3"},
				"down": {"uv": [0, 2, 6, 4], "texture": "#3"}
			}
		},
		{
			"from": [5, 3, 29.4],
			"to": [10.5, 4, 29.5],
			"rotation": {"angle": 0, "axis": "y", "origin": [8.5, 8.75, 5.5]},
			"faces": {
				"north": {"uv": [6, 15, 7, 16], "texture": "#0"},
				"east": {"uv": [6, 15, 7, 16], "texture": "#0"},
				"south": {"uv": [0, 2, 8, 4], "texture": "#3"},
				"west": {"uv": [6, 15, 7, 16], "texture": "#0"},
				"up": {"uv": [6, 15, 7, 16], "rotation": 180, "texture": "#0"},
				"down": {"uv": [6, 15, 7, 16], "rotation": 180, "texture": "#0"}
			}
		},
		{
			"from": [0, 0.75, -9.75],
			"to": [16, 2.75, -7.5],
			"rotation": {"angle": 0, "axis": "y", "origin": [8, 7, 8]},
			"faces": {
				"north": {"uv": [6, 15, 7, 16], "texture": "#0"},
				"east": {"uv": [6, 15, 7, 16], "texture": "#0"},
				"south": {"uv": [6, 15, 7, 16], "texture": "#0"},
				"west": {"uv": [6, 15, 7, 16], "texture": "#0"},
				"up": {"uv": [6, 15, 7, 16], "texture": "#0"},
				"down": {"uv": [6, 15, 7, 16], "texture": "#0"}
			}
		},
		{
			"from": [8, 3.5, -14.75],
			"to": [15, 5.25, -10],
			"rotation": {"angle": 0, "axis": "y", "origin": [8, 11.5, 8]},
			"faces": {
				"north": {"uv": [2, 0, 4, 4], "texture": "#4"},
				"east": {"uv": [2, 0, 4, 4], "texture": "#4"},
				"south": {"uv": [2, 0, 4, 4], "texture": "#4"},
				"west": {"uv": [2, 0, 4, 4], "texture": "#4"},
				"up": {"uv": [2, 0, 4, 4], "texture": "#4"},
				"down": {"uv": [2, 0, 4, 4], "texture": "#4"}
			}
		},
		{
			"from": [8, 3.25, -15.25],
			"to": [13, 5, -10],
			"rotation": {"angle": 0, "axis": "y", "origin": [8, 11.5, 8]},
			"faces": {
				"north": {"uv": [1, 0, 3, 4], "texture": "#4"},
				"east": {"uv": [1, 0, 3, 4], "texture": "#4"},
				"south": {"uv": [1, 0, 3, 4], "texture": "#4"},
				"west": {"uv": [1, 0, 3, 4], "texture": "#4"},
				"up": {"uv": [1, 0, 3, 4], "texture": "#4"},
				"down": {"uv": [1, 0, 3, 4], "texture": "#4"}
			}
		},
		{
			"from": [8, 3, -15.5],
			"to": [12, 4.75, -10],
			"rotation": {"angle": 0, "axis": "y", "origin": [8, 11.5, 8]},
			"faces": {
				"north": {"uv": [2, 0, 4, 4], "texture": "#4"},
				"east": {"uv": [2, 0, 4, 4], "texture": "#4"},
				"south": {"uv": [2, 0, 4, 4], "texture": "#4"},
				"west": {"uv": [2, 0, 4, 4], "texture": "#4"},
				"up": {"uv": [2, 0, 4, 4], "texture": "#4"},
				"down": {"uv": [2, 0, 4, 4], "texture": "#4"}
			}
		},
		{
			"from": [1, 3.5, -14.75],
			"to": [8, 5.25, -10],
			"rotation": {"angle": 0, "axis": "y", "origin": [8, 11.5, 8]},
			"faces": {
				"north": {"uv": [10, 8, 12, 12], "texture": "#4"},
				"east": {"uv": [10, 8, 12, 12], "texture": "#4"},
				"south": {"uv": [10, 8, 12, 12], "texture": "#4"},
				"west": {"uv": [10, 8, 12, 12], "texture": "#4"},
				"up": {"uv": [10, 8, 12, 12], "texture": "#4"},
				"down": {"uv": [10, 8, 12, 12], "texture": "#4"}
			}
		},
		{
			"from": [4, 3, -15.5],
			"to": [8, 4.75, -10],
			"rotation": {"angle": 0, "axis": "y", "origin": [8, 11.5, 8]},
			"faces": {
				"north": {"uv": [10, 8, 12, 12], "texture": "#4"},
				"east": {"uv": [10, 8, 12, 12], "texture": "#4"},
				"south": {"uv": [10, 8, 12, 12], "texture": "#4"},
				"west": {"uv": [10, 8, 12, 12], "texture": "#4"},
				"up": {"uv": [10, 8, 12, 12], "texture": "#4"},
				"down": {"uv": [10, 8, 12, 12], "texture": "#4"}
			}
		},
		{
			"from": [3, 3.25, -15.25],
			"to": [8, 5, -10],
			"rotation": {"angle": 0, "axis": "y", "origin": [8, 11.5, 8]},
			"faces": {
				"north": {"uv": [10, 8, 12, 12], "texture": "#4"},
				"east": {"uv": [10, 8, 12, 12], "texture": "#4"},
				"south": {"uv": [10, 8, 12, 12], "texture": "#4"},
				"west": {"uv": [10, 8, 12, 12], "texture": "#4"},
				"up": {"uv": [10, 8, 12, 12], "texture": "#4"},
				"down": {"uv": [10, 8, 12, 12], "texture": "#4"}
			}
		},
		{
			"from": [8, -0.5, -15.5],
			"to": [15, 0.5, -12],
			"rotation": {"angle": 0, "axis": "y", "origin": [8, 11.5, 8]},
			"faces": {
				"north": {"uv": [1, 0, 3, 4], "texture": "#4"},
				"east": {"uv": [1, 0, 3, 4], "texture": "#4"},
				"south": {"uv": [1, 0, 3, 4], "texture": "#4"},
				"west": {"uv": [1, 0, 3, 4], "texture": "#4"},
				"up": {"uv": [1, 0, 3, 4], "texture": "#4"},
				"down": {"uv": [1, 0, 3, 4], "texture": "#4"}
			}
		},
		{
			"from": [1, -0.5, -15.5],
			"to": [8, 0.5, -12],
			"rotation": {"angle": 0, "axis": "y", "origin": [8, 11.5, 8]},
			"faces": {
				"north": {"uv": [10, 8, 12, 12], "texture": "#4"},
				"east": {"uv": [10, 8, 12, 12], "texture": "#4"},
				"south": {"uv": [10, 8, 12, 12], "texture": "#4"},
				"west": {"uv": [10, 8, 12, 12], "texture": "#4"},
				"up": {"uv": [10, 8, 12, 12], "texture": "#4"},
				"down": {"uv": [10, 8, 12, 12], "texture": "#4"}
			}
		},
		{
			"from": [10.51708, 0.40974, -15.5],
			"to": [14.01708, 0.90974, -12],
			"rotation": {"angle": -45, "axis": "z", "origin": [13.24191, 0.70693, -13.77194]},
			"faces": {
				"north": {"uv": [2, 0, 4, 4], "texture": "#4"},
				"east": {"uv": [2, 0, 4, 4], "texture": "#4"},
				"south": {"uv": [2, 0, 4, 4], "texture": "#4"},
				"west": {"uv": [2, 0, 4, 4], "texture": "#4"},
				"up": {"uv": [2, 0, 4, 4], "texture": "#4"},
				"down": {"uv": [2, 0, 4, 4], "texture": "#4"}
			}
		},
		{
			"from": [1.76708, 0.40974, -15.5],
			"to": [5.51708, 0.90974, -12],
			"rotation": {"angle": 45, "axis": "z", "origin": [2.74194, 0.68858, -13.75365]},
			"faces": {
				"north": {"uv": [10, 8, 12, 12], "texture": "#4"},
				"east": {"uv": [10, 8, 12, 12], "texture": "#4"},
				"south": {"uv": [10, 8, 12, 12], "texture": "#4"},
				"west": {"uv": [10, 8, 12, 12], "texture": "#4"},
				"up": {"uv": [10, 8, 12, 12], "texture": "#4"},
				"down": {"uv": [10, 8, 12, 12], "texture": "#4"}
			}
		},
		{
			"from": [0.5, 0.25, -14.25],
			"to": [15.5, 3.5, -9.75],
			"rotation": {"angle": 0, "axis": "y", "origin": [8, 9, 8.75]},
			"faces": {
				"north": {"uv": [1, 14, 2, 15], "texture": "#0"},
				"east": {"uv": [1, 14, 2, 15], "texture": "#0"},
				"south": {"uv": [1, 14, 2, 15], "texture": "#0"},
				"west": {"uv": [1, 14, 2, 15], "texture": "#0"},
				"up": {"uv": [1, 14, 2, 15], "texture": "#0"},
				"down": {"uv": [1, 14, 2, 15], "texture": "#0"}
			}
		},
		{
			"from": [2.5, 0.25, -15],
			"to": [13.5, 3.5, -9.75],
			"rotation": {"angle": 0, "axis": "y", "origin": [8, 9, 8.75]},
			"faces": {
				"north": {"uv": [1, 14, 2, 15], "texture": "#0"},
				"east": {"uv": [1, 14, 2, 15], "texture": "#0"},
				"south": {"uv": [1, 14, 2, 15], "texture": "#0"},
				"west": {"uv": [1, 14, 2, 15], "texture": "#0"},
				"up": {"uv": [1, 14, 2, 15], "texture": "#0"},
				"down": {"uv": [1, 14, 2, 15], "texture": "#0"}
			}
		},
		{
			"from": [-0.25, -0.25, -13.75],
			"to": [16.25, 2.25, 29.25],
			"rotation": {"angle": 0, "axis": "y", "origin": [8, 7, 8]},
			"faces": {
				"north": {"uv": [4.25, 0.75, 6.375, 1.125], "texture": "#6"},
				"east": {"uv": [4.25, 0, 9.625, 0.375], "texture": "#6"},
				"south": {"uv": [4.25, 1.125, 6.375, 1.5], "texture": "#6"},
				"west": {"uv": [4.25, 0.375, 9.625, 0.75], "texture": "#6"},
				"up": {"uv": [2.125, 5.375, 0, 0], "texture": "#6"},
				"down": {"uv": [4.25, 0, 2.125, 5.375], "texture": "#6"}
			}
		},
		{
			"from": [8.5, 1.5, 4],
			"to": [15.5, 5.5, 10],
			"rotation": {"angle": 0, "axis": "y", "origin": [8, 7, 12]},
			"faces": {
				"north": {"uv": [0, 4, 4, 8], "texture": "#2"},
				"east": {"uv": [0, 4, 4, 8], "texture": "#2"},
				"south": {"uv": [0, 4, 4, 8], "texture": "#2"},
				"west": {"uv": [0, 4, 4, 8], "texture": "#2"},
				"up": {"uv": [0, 4, 4, 8], "texture": "#2"},
				"down": {"uv": [0, 4, 4, 8], "texture": "#2"}
			}
		},
		{
			"from": [8.5, 1.5, 10],
			"to": [15.5, 11.5, 11],
			"rotation": {"angle": 0, "axis": "y", "origin": [8, 7, 12]},
			"faces": {
				"north": {"uv": [0, 4, 4, 8], "texture": "#2"},
				"east": {"uv": [0, 4, 4, 8], "texture": "#2"},
				"south": {"uv": [0, 4, 4, 8], "texture": "#2"},
				"west": {"uv": [0, 4, 4, 8], "texture": "#2"},
				"up": {"uv": [0, 4, 4, 8], "texture": "#2"},
				"down": {"uv": [0, 4, 4, 8], "texture": "#2"}
			}
		},
		{
			"from": [0.75, 1.5, 4],
			"to": [7.75, 5.5, 10],
			"rotation": {"angle": 0, "axis": "y", "origin": [8, 7, 12]},
			"faces": {
				"north": {"uv": [0, 4, 4, 8], "texture": "#2"},
				"east": {"uv": [0, 4, 4, 8], "texture": "#2"},
				"south": {"uv": [0, 4, 4, 8], "texture": "#2"},
				"west": {"uv": [0, 4, 4, 8], "texture": "#2"},
				"up": {"uv": [0, 4, 4, 8], "texture": "#2"},
				"down": {"uv": [0, 4, 4, 8], "texture": "#2"}
			}
		},
		{
			"from": [0.75, 1.5, 10],
			"to": [7.75, 11.5, 11],
			"rotation": {"angle": 0, "axis": "y", "origin": [8, 7, 12]},
			"faces": {
				"north": {"uv": [0, 4, 4, 8], "texture": "#2"},
				"east": {"uv": [0, 4, 4, 8], "texture": "#2"},
				"south": {"uv": [0, 4, 4, 8], "texture": "#2"},
				"west": {"uv": [0, 4, 4, 8], "texture": "#2"},
				"up": {"uv": [0, 4, 4, 8], "texture": "#2"},
				"down": {"uv": [0, 4, 4, 8], "texture": "#2"}
			}
		},
		{
			"from": [2.5, 5.5, -0.5],
			"to": [3.5, 6.25, 1.5],
			"rotation": {"angle": 0, "axis": "y", "origin": [8, 7, 12]},
			"faces": {
				"north": {"uv": [10, 14, 11, 15], "texture": "#0"},
				"east": {"uv": [10, 14, 11, 15], "texture": "#0"},
				"south": {"uv": [10, 14, 11, 15], "texture": "#0"},
				"west": {"uv": [10, 14, 11, 15], "texture": "#0"},
				"up": {"uv": [10, 14, 11, 15], "texture": "#0"},
				"down": {"uv": [10, 14, 11, 15], "texture": "#0"}
			}
		},
		{
			"from": [1.75, 7.25, 1.5],
			"to": [2, 7.5, 2],
			"rotation": {"angle": 0, "axis": "y", "origin": [8, 7, 12]},
			"faces": {
				"north": {"uv": [10, 14, 11, 15], "texture": "#0"},
				"east": {"uv": [10, 14, 11, 15], "texture": "#0"},
				"south": {"uv": [10, 14, 11, 15], "texture": "#0"},
				"west": {"uv": [10, 14, 11, 15], "texture": "#0"},
				"up": {"uv": [10, 14, 11, 15], "texture": "#0"},
				"down": {"uv": [10, 14, 11, 15], "texture": "#0"}
			}
		},
		{
			"from": [1.5, 5.25, 1.5],
			"to": [1.75, 7.25, 2],
			"rotation": {"angle": 0, "axis": "y", "origin": [8, 7, 12]},
			"faces": {
				"north": {"uv": [10, 14, 11, 15], "texture": "#0"},
				"east": {"uv": [10, 14, 11, 15], "texture": "#0"},
				"south": {"uv": [10, 14, 11, 15], "texture": "#0"},
				"west": {"uv": [10, 14, 11, 15], "texture": "#0"},
				"up": {"uv": [10, 14, 11, 15], "texture": "#0"},
				"down": {"uv": [10, 14, 11, 15], "texture": "#0"}
			}
		},
		{
			"from": [2, 5.5, 1.5],
			"to": [4, 7, 2],
			"rotation": {"angle": 0, "axis": "y", "origin": [8, 7, 12]},
			"faces": {
				"north": {"uv": [10, 14, 11, 15], "texture": "#0"},
				"east": {"uv": [10, 14, 11, 15], "texture": "#0"},
				"south": {"uv": [10, 14, 11, 15], "texture": "#0"},
				"west": {"uv": [10, 14, 11, 15], "texture": "#0"},
				"up": {"uv": [10, 14, 11, 15], "texture": "#0"},
				"down": {"uv": [10, 14, 11, 15], "texture": "#0"}
			}
		},
		{
			"from": [2, 4.75, 1.5],
			"to": [4, 5, 2],
			"rotation": {"angle": 0, "axis": "y", "origin": [8, 7, 12]},
			"faces": {
				"north": {"uv": [10, 14, 11, 15], "texture": "#0"},
				"east": {"uv": [10, 14, 11, 15], "texture": "#0"},
				"south": {"uv": [10, 14, 11, 15], "texture": "#0"},
				"west": {"uv": [10, 14, 11, 15], "texture": "#0"},
				"up": {"uv": [10, 14, 11, 15], "texture": "#0"},
				"down": {"uv": [10, 14, 11, 15], "texture": "#0"}
			}
		},
		{
			"from": [1.75, 5, 1.5],
			"to": [2, 5.25, 2],
			"rotation": {"angle": 0, "axis": "y", "origin": [8, 7, 12]},
			"faces": {
				"north": {"uv": [10, 14, 11, 15], "texture": "#0"},
				"east": {"uv": [10, 14, 11, 15], "texture": "#0"},
				"south": {"uv": [10, 14, 11, 15], "texture": "#0"},
				"west": {"uv": [10, 14, 11, 15], "texture": "#0"},
				"up": {"uv": [10, 14, 11, 15], "texture": "#0"},
				"down": {"uv": [10, 14, 11, 15], "texture": "#0"}
			}
		},
		{
			"from": [4, 5, 1.5],
			"to": [4.25, 5.25, 2],
			"rotation": {"angle": 0, "axis": "y", "origin": [8, 7, 12]},
			"faces": {
				"north": {"uv": [10, 14, 11, 15], "texture": "#0"},
				"east": {"uv": [10, 14, 11, 15], "texture": "#0"},
				"south": {"uv": [10, 14, 11, 15], "texture": "#0"},
				"west": {"uv": [10, 14, 11, 15], "texture": "#0"},
				"up": {"uv": [10, 14, 11, 15], "texture": "#0"},
				"down": {"uv": [10, 14, 11, 15], "texture": "#0"}
			}
		},
		{
			"from": [4.25, 5.25, 1.5],
			"to": [4.5, 7.25, 2],
			"rotation": {"angle": 0, "axis": "y", "origin": [8, 7, 12]},
			"faces": {
				"north": {"uv": [10, 14, 11, 15], "texture": "#0"},
				"east": {"uv": [10, 14, 11, 15], "texture": "#0"},
				"south": {"uv": [10, 14, 11, 15], "texture": "#0"},
				"west": {"uv": [10, 14, 11, 15], "texture": "#0"},
				"up": {"uv": [10, 14, 11, 15], "texture": "#0"},
				"down": {"uv": [10, 14, 11, 15], "texture": "#0"}
			}
		},
		{
			"from": [4, 7.25, 1.5],
			"to": [4.25, 7.5, 2],
			"rotation": {"angle": 0, "axis": "y", "origin": [8, 7, 12]},
			"faces": {
				"north": {"uv": [10, 14, 11, 15], "texture": "#0"},
				"east": {"uv": [10, 14, 11, 15], "texture": "#0"},
				"south": {"uv": [10, 14, 11, 15], "texture": "#0"},
				"west": {"uv": [10, 14, 11, 15], "texture": "#0"},
				"up": {"uv": [10, 14, 11, 15], "texture": "#0"},
				"down": {"uv": [10, 14, 11, 15], "texture": "#0"}
			}
		},
		{
			"from": [2, 7.5, 1.5],
			"to": [4, 7.75, 2],
			"rotation": {"angle": 0, "axis": "y", "origin": [8, 7, 12]},
			"faces": {
				"north": {"uv": [10, 14, 11, 15], "texture": "#0"},
				"east": {"uv": [10, 14, 11, 15], "texture": "#0"},
				"south": {"uv": [10, 14, 11, 15], "texture": "#0"},
				"west": {"uv": [10, 14, 11, 15], "texture": "#0"},
				"up": {"uv": [10, 14, 11, 15], "texture": "#0"},
				"down": {"uv": [10, 14, 11, 15], "texture": "#0"}
			}
		},
		{
			"from": [15.75, 9.75, 4.75],
			"to": [16, 13.25, 5.5],
			"rotation": {"angle": 0, "axis": "y", "origin": [8, 7, 8]},
			"faces": {
				"north": {"uv": [10, 7, 11, 8], "texture": "#0"},
				"east": {"uv": [10, 7, 11, 8], "texture": "#0"},
				"south": {"uv": [10, 7, 11, 8], "texture": "#0"},
				"west": {"uv": [10, 7, 11, 8], "texture": "#0"},
				"up": {"uv": [10, 7, 11, 8], "texture": "#0"},
				"down": {"uv": [10, 7, 11, 8], "texture": "#0"}
			}
		},
		{
			"from": [-0.01, 9.5, 4.75],
			"to": [0.24, 13.25, 5.5],
			"rotation": {"angle": 0, "axis": "y", "origin": [8, 7, 8]},
			"faces": {
				"north": {"uv": [10, 7, 11, 8], "texture": "#0"},
				"east": {"uv": [10, 7, 11, 8], "texture": "#0"},
				"south": {"uv": [10, 7, 11, 8], "texture": "#0"},
				"west": {"uv": [10, 7, 11, 8], "texture": "#0"},
				"up": {"uv": [10, 7, 11, 8], "texture": "#0"},
				"down": {"uv": [10, 7, 11, 8], "texture": "#0"}
			}
		},
		{
			"from": [-0.01, 10, 15],
			"to": [0.24, 15, 16.5],
			"rotation": {"angle": 0, "axis": "y", "origin": [8, 7, 8]},
			"faces": {
				"north": {"uv": [10, 8, 12, 12], "texture": "#4"},
				"east": {"uv": [10, 8, 12, 12], "texture": "#4"},
				"south": {"uv": [10, 8, 12, 12], "texture": "#4"},
				"west": {"uv": [10, 8, 12, 12], "texture": "#4"},
				"up": {"uv": [10, 8, 12, 12], "texture": "#4"},
				"down": {"uv": [10, 8, 12, 12], "texture": "#4"}
			}
		},
		{
			"from": [15.25, 10, 15],
			"to": [16, 15, 16.75],
			"rotation": {"angle": 0, "axis": "y", "origin": [8, 7, 8]},
			"faces": {
				"north": {"uv": [0, 0, 2, 4], "texture": "#4"},
				"east": {"uv": [0, 0, 2, 4], "texture": "#4"},
				"south": {"uv": [0, 0, 2, 4], "texture": "#4"},
				"west": {"uv": [1, 0, 3, 4], "texture": "#4"},
				"up": {"uv": [0, 0, 2, 4], "texture": "#4"},
				"down": {"uv": [1, 0, 3, 4], "texture": "#4"}
			}
		},
		{
			"from": [0, 14.5, 8.75],
			"to": [8, 15.5, 15],
			"rotation": {"angle": 0, "axis": "y", "origin": [8, 6.5, 8]},
			"faces": {
				"north": {"uv": [10, 8, 12, 12], "texture": "#4"},
				"east": {"uv": [10, 8, 12, 12], "texture": "#4"},
				"south": {"uv": [10, 8, 12, 12], "texture": "#4"},
				"west": {"uv": [10, 8, 12, 12], "texture": "#4"},
				"up": {"uv": [10, 8, 12, 12], "texture": "#4"},
				"down": {"uv": [10, 8, 12, 12], "texture": "#4"}
			}
		},
		{
			"from": [8, 14.5, 8.75],
			"to": [16, 15.5, 15],
			"rotation": {"angle": 0, "axis": "y", "origin": [8, 5.5, 8]},
			"faces": {
				"north": {"uv": [1, 0, 3, 4], "texture": "#4"},
				"east": {"uv": [2, 0, 4, 4], "texture": "#4"},
				"south": {"uv": [2, 0, 4, 4], "texture": "#4"},
				"west": {"uv": [1, 0, 3, 4], "texture": "#4"},
				"up": {"uv": [0, 0, 2, 4], "texture": "#4"},
				"down": {"uv": [1, 0, 3, 4], "texture": "#4"}
			}
		},
		{
			"from": [2, 15.5, 5.75],
			"to": [14, 17.5, 18],
			"rotation": {"angle": 0, "axis": "y", "origin": [8, 6.5, 8]},
			"faces": {
				"north": {"uv": [13, 0, 15, 4], "texture": "#4"},
				"east": {"uv": [14, 0, 16, 4], "texture": "#4"},
				"south": {"uv": [13, 0, 15, 4], "texture": "#4"},
				"west": {"uv": [13, 0, 15, 4], "texture": "#4"},
				"up": {"uv": [12, 0, 14, 4], "texture": "#4"},
				"down": {"uv": [13, 0, 15, 4], "texture": "#4"}
			}
		},
		{
			"from": [3, 17.5, 6.75],
			"to": [13, 18.5, 17],
			"rotation": {"angle": 0, "axis": "y", "origin": [8, 6.5, 8]},
			"faces": {
				"north": {"uv": [2, 0, 4, 4], "texture": "#4"},
				"east": {"uv": [3, 0, 5, 4], "texture": "#4"},
				"south": {"uv": [2, 0, 4, 4], "texture": "#4"},
				"west": {"uv": [2, 0, 4, 4], "texture": "#4"},
				"up": {"uv": [1, 0, 3, 4], "texture": "#4"},
				"down": {"uv": [2, 0, 4, 4], "texture": "#4"}
			}
		},
		{
			"from": [3, 18.5, 6.75],
			"to": [13, 19.5, 17],
			"rotation": {"angle": 0, "axis": "y", "origin": [8, 6.5, 8]},
			"faces": {
				"north": {"uv": [13, 0, 15, 4], "texture": "#4"},
				"east": {"uv": [14, 0, 16, 4], "texture": "#4"},
				"south": {"uv": [13, 0, 15, 4], "texture": "#4"},
				"west": {"uv": [13, 0, 15, 4], "texture": "#4"},
				"up": {"uv": [12, 0, 14, 4], "texture": "#4"},
				"down": {"uv": [13, 0, 15, 4], "texture": "#4"}
			}
		},
		{
			"from": [13.25, -2.25, 23.5],
			"to": [16.75, 4.75, 25.25],
			"faces": {
				"north": {"uv": [0, 12, 4, 16], "rotation": 180, "texture": "#2"},
				"east": {"uv": [0, 9, 4, 11], "rotation": 270, "texture": "#2"},
				"south": {"uv": [0, 12, 4, 16], "texture": "#2"},
				"west": {"uv": [0, 9, 4, 11], "rotation": 90, "texture": "#2"},
				"up": {"uv": [0, 12, 4, 16], "rotation": 180, "texture": "#2"},
				"down": {"uv": [0, 12, 4, 16], "texture": "#2"}
			}
		},
		{
			"from": [13.25, 0.33463, 20.86727],
			"to": [16.75, 2.08463, 27.86727],
			"rotation": {"angle": 0, "axis": "x", "origin": [15.04034, 1.23368, 24.35095]},
			"faces": {
				"north": {"uv": [0, 12, 4, 16], "rotation": 180, "texture": "#2"},
				"east": {"uv": [0, 9, 4, 11], "rotation": 180, "texture": "#2"},
				"south": {"uv": [0, 12, 4, 16], "rotation": 180, "texture": "#2"},
				"west": {"uv": [0, 9, 4, 11], "rotation": 180, "texture": "#2"},
				"up": {"uv": [0, 12, 4, 16], "texture": "#2"},
				"down": {"uv": [0, 12, 4, 16], "texture": "#2"}
			}
		},
		{
			"from": [13.25, -2.25, 23.5],
			"to": [16.75, 4.75, 25.25],
			"rotation": {"angle": 45, "axis": "x", "origin": [15.04034, 1.23368, 24.35095]},
			"faces": {
				"north": {"uv": [0, 12, 4, 16], "rotation": 180, "texture": "#2"},
				"east": {"uv": [0, 9, 4, 11], "rotation": 270, "texture": "#2"},
				"south": {"uv": [0, 12, 4, 16], "texture": "#2"},
				"west": {"uv": [0, 9, 4, 11], "rotation": 90, "texture": "#2"},
				"up": {"uv": [0, 12, 4, 16], "rotation": 180, "texture": "#2"},
				"down": {"uv": [0, 12, 4, 16], "texture": "#2"}
			}
		},
		{
			"from": [13.25, 0.33463, 20.86727],
			"to": [16.75, 2.08463, 27.86727],
			"rotation": {"angle": 45, "axis": "x", "origin": [15.04034, 1.23368, 24.35095]},
			"faces": {
				"north": {"uv": [0, 12, 4, 16], "rotation": 180, "texture": "#2"},
				"east": {"uv": [0, 9, 4, 11], "rotation": 180, "texture": "#2"},
				"south": {"uv": [0, 12, 4, 16], "rotation": 180, "texture": "#2"},
				"west": {"uv": [0, 9, 4, 11], "rotation": 180, "texture": "#2"},
				"up": {"uv": [0, 12, 4, 16], "texture": "#2"},
				"down": {"uv": [0, 12, 4, 16], "texture": "#2"}
			}
		},
		{
			"from": [13.25, -2.25, 23.5],
			"to": [16.75, 4.75, 25.25],
			"rotation": {"angle": 22.5, "axis": "x", "origin": [15.04034, 1.23368, 24.35095]},
			"faces": {
				"north": {"uv": [0, 12, 4, 16], "rotation": 180, "texture": "#2"},
				"east": {"uv": [0, 9, 4, 11], "rotation": 270, "texture": "#2"},
				"south": {"uv": [0, 12, 4, 16], "texture": "#2"},
				"west": {"uv": [0, 9, 4, 11], "rotation": 90, "texture": "#2"},
				"up": {"uv": [0, 12, 4, 16], "rotation": 180, "texture": "#2"},
				"down": {"uv": [0, 12, 4, 16], "texture": "#2"}
			}
		},
		{
			"from": [13.25, 0.33463, 20.86727],
			"to": [16.75, 2.08463, 27.86727],
			"rotation": {"angle": 22.5, "axis": "x", "origin": [15.04034, 1.23368, 24.35095]},
			"faces": {
				"north": {"uv": [0, 12, 4, 16], "rotation": 180, "texture": "#2"},
				"east": {"uv": [0, 9, 4, 11], "rotation": 180, "texture": "#2"},
				"south": {"uv": [0, 12, 4, 16], "rotation": 180, "texture": "#2"},
				"west": {"uv": [0, 9, 4, 11], "rotation": 180, "texture": "#2"},
				"up": {"uv": [0, 12, 4, 16], "texture": "#2"},
				"down": {"uv": [0, 12, 4, 16], "texture": "#2"}
			}
		},
		{
			"from": [13.25, 0.33463, 20.86727],
			"to": [16.75, 2.08463, 27.86727],
			"rotation": {"angle": -22.5, "axis": "x", "origin": [15.04034, 1.23368, 24.35095]},
			"faces": {
				"north": {"uv": [0, 12, 4, 16], "rotation": 180, "texture": "#2"},
				"east": {"uv": [0, 9, 4, 11], "rotation": 180, "texture": "#2"},
				"south": {"uv": [0, 12, 4, 16], "rotation": 180, "texture": "#2"},
				"west": {"uv": [0, 9, 4, 11], "rotation": 180, "texture": "#2"},
				"up": {"uv": [0, 12, 4, 16], "texture": "#2"},
				"down": {"uv": [0, 12, 4, 16], "texture": "#2"}
			}
		},
		{
			"from": [13.25, -2.28264, 23.45191],
			"to": [16.75, 4.71736, 25.20191],
			"rotation": {"angle": -22.5, "axis": "x", "origin": [15.04034, 1.23368, 24.35095]},
			"faces": {
				"north": {"uv": [0, 12, 4, 16], "rotation": 180, "texture": "#2"},
				"east": {"uv": [0, 9, 4, 11], "rotation": 90, "texture": "#2"},
				"south": {"uv": [0, 12, 4, 16], "texture": "#2"},
				"west": {"uv": [0, 9, 4, 11], "rotation": 270, "texture": "#2"},
				"up": {"uv": [0, 12, 4, 16], "texture": "#2"},
				"down": {"uv": [0, 12, 4, 16], "rotation": 180, "texture": "#2"}
			}
		},
		{
			"from": [13.25, -2.25, -10.5],
			"to": [16.75, 4.75, -8.75],
			"rotation": {"angle": 0, "axis": "y", "origin": [8, 8, -26]},
			"faces": {
				"north": {"uv": [0, 12, 4, 16], "rotation": 180, "texture": "#2"},
				"east": {"uv": [0, 9, 4, 11], "rotation": 270, "texture": "#2"},
				"south": {"uv": [0, 12, 4, 16], "texture": "#2"},
				"west": {"uv": [0, 9, 4, 11], "rotation": 90, "texture": "#2"},
				"up": {"uv": [0, 12, 4, 16], "rotation": 180, "texture": "#2"},
				"down": {"uv": [0, 12, 4, 16], "texture": "#2"}
			}
		},
		{
			"from": [13.25, 0.33463, -13.13273],
			"to": [16.75, 2.08463, -6.13273],
			"rotation": {"angle": 0, "axis": "x", "origin": [15.04034, 1.23368, -9.64905]},
			"faces": {
				"north": {"uv": [0, 12, 4, 16], "rotation": 180, "texture": "#2"},
				"east": {"uv": [0, 9, 4, 11], "rotation": 180, "texture": "#2"},
				"south": {"uv": [0, 12, 4, 16], "rotation": 180, "texture": "#2"},
				"west": {"uv": [0, 9, 4, 11], "rotation": 180, "texture": "#2"},
				"up": {"uv": [0, 12, 4, 16], "texture": "#2"},
				"down": {"uv": [0, 12, 4, 16], "texture": "#2"}
			}
		},
		{
			"from": [13.25, -2.25, -10.5],
			"to": [16.75, 4.75, -8.75],
			"rotation": {"angle": 45, "axis": "x", "origin": [15.04034, 1.23368, -9.64905]},
			"faces": {
				"north": {"uv": [0, 12, 4, 16], "rotation": 180, "texture": "#2"},
				"east": {"uv": [0, 9, 4, 11], "rotation": 270, "texture": "#2"},
				"south": {"uv": [0, 12, 4, 16], "texture": "#2"},
				"west": {"uv": [0, 9, 4, 11], "rotation": 90, "texture": "#2"},
				"up": {"uv": [0, 12, 4, 16], "rotation": 180, "texture": "#2"},
				"down": {"uv": [0, 12, 4, 16], "texture": "#2"}
			}
		},
		{
			"from": [13.25, 0.33463, -13.13273],
			"to": [16.75, 2.08463, -6.13273],
			"rotation": {"angle": 45, "axis": "x", "origin": [15.04034, 1.23368, -9.64905]},
			"faces": {
				"north": {"uv": [0, 12, 4, 16], "rotation": 180, "texture": "#2"},
				"east": {"uv": [0, 9, 4, 11], "rotation": 180, "texture": "#2"},
				"south": {"uv": [0, 12, 4, 16], "rotation": 180, "texture": "#2"},
				"west": {"uv": [0, 9, 4, 11], "rotation": 180, "texture": "#2"},
				"up": {"uv": [0, 12, 4, 16], "texture": "#2"},
				"down": {"uv": [0, 12, 4, 16], "texture": "#2"}
			}
		},
		{
			"from": [13.25, -2.25, -10.5],
			"to": [16.75, 4.75, -8.75],
			"rotation": {"angle": 22.5, "axis": "x", "origin": [15.04034, 1.23368, -9.64905]},
			"faces": {
				"north": {"uv": [0, 12, 4, 16], "rotation": 180, "texture": "#2"},
				"east": {"uv": [0, 9, 4, 11], "rotation": 270, "texture": "#2"},
				"south": {"uv": [0, 12, 4, 16], "texture": "#2"},
				"west": {"uv": [0, 9, 4, 11], "rotation": 90, "texture": "#2"},
				"up": {"uv": [0, 12, 4, 16], "rotation": 180, "texture": "#2"},
				"down": {"uv": [0, 12, 4, 16], "texture": "#2"}
			}
		},
		{
			"from": [13.25, 0.33463, -13.13273],
			"to": [16.75, 2.08463, -6.13273],
			"rotation": {"angle": 22.5, "axis": "x", "origin": [15.04034, 1.23368, -9.64905]},
			"faces": {
				"north": {"uv": [0, 12, 4, 16], "rotation": 180, "texture": "#2"},
				"east": {"uv": [0, 9, 4, 11], "rotation": 180, "texture": "#2"},
				"south": {"uv": [0, 12, 4, 16], "rotation": 180, "texture": "#2"},
				"west": {"uv": [0, 9, 4, 11], "rotation": 180, "texture": "#2"},
				"up": {"uv": [0, 12, 4, 16], "texture": "#2"},
				"down": {"uv": [0, 12, 4, 16], "texture": "#2"}
			}
		},
		{
			"from": [13.25, 0.33463, -13.13273],
			"to": [16.75, 2.08463, -6.13273],
			"rotation": {"angle": -22.5, "axis": "x", "origin": [15.04034, 1.23368, -9.64905]},
			"faces": {
				"north": {"uv": [0, 12, 4, 16], "rotation": 180, "texture": "#2"},
				"east": {"uv": [0, 9, 4, 11], "rotation": 180, "texture": "#2"},
				"south": {"uv": [0, 12, 4, 16], "rotation": 180, "texture": "#2"},
				"west": {"uv": [0, 9, 4, 11], "rotation": 180, "texture": "#2"},
				"up": {"uv": [0, 12, 4, 16], "texture": "#2"},
				"down": {"uv": [0, 12, 4, 16], "texture": "#2"}
			}
		},
		{
			"from": [13.25, -2.28264, -10.54809],
			"to": [16.75, 4.71736, -8.79809],
			"rotation": {"angle": -22.5, "axis": "x", "origin": [15.04034, 1.23368, -9.64905]},
			"faces": {
				"north": {"uv": [0, 12, 4, 16], "rotation": 180, "texture": "#2"},
				"east": {"uv": [0, 9, 4, 11], "rotation": 90, "texture": "#2"},
				"south": {"uv": [0, 12, 4, 16], "texture": "#2"},
				"west": {"uv": [0, 9, 4, 11], "rotation": 270, "texture": "#2"},
				"up": {"uv": [0, 12, 4, 16], "texture": "#2"},
				"down": {"uv": [0, 12, 4, 16], "rotation": 180, "texture": "#2"}
			}
		},
		{
			"from": [-0.75, -2.25, -10.5],
			"to": [2.75, 4.75, -8.75],
			"rotation": {"angle": 0, "axis": "y", "origin": [-6, 8, -26]},
			"faces": {
				"north": {"uv": [0, 12, 4, 16], "rotation": 180, "texture": "#2"},
				"east": {"uv": [0, 9, 4, 11], "rotation": 270, "texture": "#2"},
				"south": {"uv": [0, 12, 4, 16], "texture": "#2"},
				"west": {"uv": [0, 9, 4, 11], "rotation": 90, "texture": "#2"},
				"up": {"uv": [0, 12, 4, 16], "rotation": 180, "texture": "#2"},
				"down": {"uv": [0, 12, 4, 16], "texture": "#2"}
			}
		},
		{
			"from": [-0.75, 0.33463, -13.13273],
			"to": [2.75, 2.08463, -6.13273],
			"rotation": {"angle": 0, "axis": "x", "origin": [1.04034, 1.23368, -9.64905]},
			"faces": {
				"north": {"uv": [0, 12, 4, 16], "rotation": 180, "texture": "#2"},
				"east": {"uv": [0, 9, 4, 11], "rotation": 180, "texture": "#2"},
				"south": {"uv": [0, 12, 4, 16], "rotation": 180, "texture": "#2"},
				"west": {"uv": [0, 9, 4, 11], "rotation": 180, "texture": "#2"},
				"up": {"uv": [0, 12, 4, 16], "texture": "#2"},
				"down": {"uv": [0, 12, 4, 16], "texture": "#2"}
			}
		},
		{
			"from": [-0.75, -2.25, -10.5],
			"to": [2.75, 4.75, -8.75],
			"rotation": {"angle": 45, "axis": "x", "origin": [1.04034, 1.23368, -9.64905]},
			"faces": {
				"north": {"uv": [0, 12, 4, 16], "rotation": 180, "texture": "#2"},
				"east": {"uv": [0, 9, 4, 11], "rotation": 270, "texture": "#2"},
				"south": {"uv": [0, 12, 4, 16], "texture": "#2"},
				"west": {"uv": [0, 9, 4, 11], "rotation": 90, "texture": "#2"},
				"up": {"uv": [0, 12, 4, 16], "rotation": 180, "texture": "#2"},
				"down": {"uv": [0, 12, 4, 16], "texture": "#2"}
			}
		},
		{
			"from": [-0.75, 0.33463, -13.13273],
			"to": [2.75, 2.08463, -6.13273],
			"rotation": {"angle": 45, "axis": "x", "origin": [1.04034, 1.23368, -9.64905]},
			"faces": {
				"north": {"uv": [0, 12, 4, 16], "rotation": 180, "texture": "#2"},
				"east": {"uv": [0, 9, 4, 11], "rotation": 180, "texture": "#2"},
				"south": {"uv": [0, 12, 4, 16], "rotation": 180, "texture": "#2"},
				"west": {"uv": [0, 9, 4, 11], "rotation": 180, "texture": "#2"},
				"up": {"uv": [0, 12, 4, 16], "texture": "#2"},
				"down": {"uv": [0, 12, 4, 16], "texture": "#2"}
			}
		},
		{
			"from": [-0.75, -2.25, -10.5],
			"to": [2.75, 4.75, -8.75],
			"rotation": {"angle": 22.5, "axis": "x", "origin": [1.04034, 1.23368, -9.64905]},
			"faces": {
				"north": {"uv": [0, 12, 4, 16], "rotation": 180, "texture": "#2"},
				"east": {"uv": [0, 9, 4, 11], "rotation": 270, "texture": "#2"},
				"south": {"uv": [0, 12, 4, 16], "texture": "#2"},
				"west": {"uv": [0, 9, 4, 11], "rotation": 90, "texture": "#2"},
				"up": {"uv": [0, 12, 4, 16], "rotation": 180, "texture": "#2"},
				"down": {"uv": [0, 12, 4, 16], "texture": "#2"}
			}
		},
		{
			"from": [-0.75, 0.33463, -13.13273],
			"to": [2.75, 2.08463, -6.13273],
			"rotation": {"angle": 22.5, "axis": "x", "origin": [1.04034, 1.23368, -9.64905]},
			"faces": {
				"north": {"uv": [0, 12, 4, 16], "rotation": 180, "texture": "#2"},
				"east": {"uv": [0, 9, 4, 11], "rotation": 180, "texture": "#2"},
				"south": {"uv": [0, 12, 4, 16], "rotation": 180, "texture": "#2"},
				"west": {"uv": [0, 9, 4, 11], "rotation": 180, "texture": "#2"},
				"up": {"uv": [0, 12, 4, 16], "texture": "#2"},
				"down": {"uv": [0, 12, 4, 16], "texture": "#2"}
			}
		},
		{
			"from": [-0.75, 0.33463, -13.13273],
			"to": [2.75, 2.08463, -6.13273],
			"rotation": {"angle": -22.5, "axis": "x", "origin": [1.04034, 1.23368, -9.64905]},
			"faces": {
				"north": {"uv": [0, 12, 4, 16], "rotation": 180, "texture": "#2"},
				"east": {"uv": [0, 9, 4, 11], "rotation": 180, "texture": "#2"},
				"south": {"uv": [0, 12, 4, 16], "rotation": 180, "texture": "#2"},
				"west": {"uv": [0, 9, 4, 11], "rotation": 180, "texture": "#2"},
				"up": {"uv": [0, 12, 4, 16], "texture": "#2"},
				"down": {"uv": [0, 12, 4, 16], "texture": "#2"}
			}
		},
		{
			"from": [-0.75, -2.28264, -10.54809],
			"to": [2.75, 4.71736, -8.79809],
			"rotation": {"angle": -22.5, "axis": "x", "origin": [1.04034, 1.23368, -9.64905]},
			"faces": {
				"north": {"uv": [0, 12, 4, 16], "rotation": 180, "texture": "#2"},
				"east": {"uv": [0, 9, 4, 11], "rotation": 90, "texture": "#2"},
				"south": {"uv": [0, 12, 4, 16], "texture": "#2"},
				"west": {"uv": [0, 9, 4, 11], "rotation": 270, "texture": "#2"},
				"up": {"uv": [0, 12, 4, 16], "texture": "#2"},
				"down": {"uv": [0, 12, 4, 16], "rotation": 180, "texture": "#2"}
			}
		},
		{
			"from": [-0.75, -2.25, 23.5],
			"to": [2.75, 4.75, 25.25],
			"rotation": {"angle": 0, "axis": "y", "origin": [-6, 8, 8]},
			"faces": {
				"north": {"uv": [0, 12, 4, 16], "rotation": 180, "texture": "#2"},
				"east": {"uv": [0, 9, 4, 11], "rotation": 270, "texture": "#2"},
				"south": {"uv": [0, 12, 4, 16], "texture": "#2"},
				"west": {"uv": [0, 9, 4, 11], "rotation": 90, "texture": "#2"},
				"up": {"uv": [0, 12, 4, 16], "rotation": 180, "texture": "#2"},
				"down": {"uv": [0, 12, 4, 16], "texture": "#2"}
			}
		},
		{
			"from": [-0.75, 0.33463, 20.86727],
			"to": [2.75, 2.08463, 27.86727],
			"rotation": {"angle": 0, "axis": "x", "origin": [1.04034, 1.23368, 24.35095]},
			"faces": {
				"north": {"uv": [0, 12, 4, 16], "rotation": 180, "texture": "#2"},
				"east": {"uv": [0, 9, 4, 11], "rotation": 180, "texture": "#2"},
				"south": {"uv": [0, 12, 4, 16], "rotation": 180, "texture": "#2"},
				"west": {"uv": [0, 9, 4, 11], "rotation": 180, "texture": "#2"},
				"up": {"uv": [0, 12, 4, 16], "texture": "#2"},
				"down": {"uv": [0, 12, 4, 16], "texture": "#2"}
			}
		},
		{
			"from": [-0.75, -2.25, 23.5],
			"to": [2.75, 4.75, 25.25],
			"rotation": {"angle": 45, "axis": "x", "origin": [1.04034, 1.23368, 24.35095]},
			"faces": {
				"north": {"uv": [0, 12, 4, 16], "rotation": 180, "texture": "#2"},
				"east": {"uv": [0, 9, 4, 11], "rotation": 270, "texture": "#2"},
				"south": {"uv": [0, 12, 4, 16], "texture": "#2"},
				"west": {"uv": [0, 9, 4, 11], "rotation": 90, "texture": "#2"},
				"up": {"uv": [0, 12, 4, 16], "rotation": 180, "texture": "#2"},
				"down": {"uv": [0, 12, 4, 16], "texture": "#2"}
			}
		},
		{
			"from": [-0.75, 0.33463, 20.86727],
			"to": [2.75, 2.08463, 27.86727],
			"rotation": {"angle": 45, "axis": "x", "origin": [1.04034, 1.23368, 24.35095]},
			"faces": {
				"north": {"uv": [0, 12, 4, 16], "rotation": 180, "texture": "#2"},
				"east": {"uv": [0, 9, 4, 11], "rotation": 180, "texture": "#2"},
				"south": {"uv": [0, 12, 4, 16], "rotation": 180, "texture": "#2"},
				"west": {"uv": [0, 9, 4, 11], "rotation": 180, "texture": "#2"},
				"up": {"uv": [0, 12, 4, 16], "texture": "#2"},
				"down": {"uv": [0, 12, 4, 16], "texture": "#2"}
			}
		},
		{
			"from": [-0.75, -2.25, 23.5],
			"to": [2.75, 4.75, 25.25],
			"rotation": {"angle": 22.5, "axis": "x", "origin": [1.04034, 1.23368, 24.35095]},
			"faces": {
				"north": {"uv": [0, 12, 4, 16], "rotation": 180, "texture": "#2"},
				"east": {"uv": [0, 9, 4, 11], "rotation": 270, "texture": "#2"},
				"south": {"uv": [0, 12, 4, 16], "texture": "#2"},
				"west": {"uv": [0, 9, 4, 11], "rotation": 90, "texture": "#2"},
				"up": {"uv": [0, 12, 4, 16], "rotation": 180, "texture": "#2"},
				"down": {"uv": [0, 12, 4, 16], "texture": "#2"}
			}
		},
		{
			"from": [-0.75, 0.33463, 20.86727],
			"to": [2.75, 2.08463, 27.86727],
			"rotation": {"angle": 22.5, "axis": "x", "origin": [1.04034, 1.23368, 24.35095]},
			"faces": {
				"north": {"uv": [0, 12, 4, 16], "rotation": 180, "texture": "#2"},
				"east": {"uv": [0, 9, 4, 11], "rotation": 180, "texture": "#2"},
				"south": {"uv": [0, 12, 4, 16], "rotation": 180, "texture": "#2"},
				"west": {"uv": [0, 9, 4, 11], "rotation": 180, "texture": "#2"},
				"up": {"uv": [0, 12, 4, 16], "texture": "#2"},
				"down": {"uv": [0, 12, 4, 16], "texture": "#2"}
			}
		},
		{
			"from": [-0.75, 0.33463, 20.86727],
			"to": [2.75, 2.08463, 27.86727],
			"rotation": {"angle": -22.5, "axis": "x", "origin": [1.04034, 1.23368, 24.35095]},
			"faces": {
				"north": {"uv": [0, 12, 4, 16], "rotation": 180, "texture": "#2"},
				"east": {"uv": [0, 9, 4, 11], "rotation": 180, "texture": "#2"},
				"south": {"uv": [0, 12, 4, 16], "rotation": 180, "texture": "#2"},
				"west": {"uv": [0, 9, 4, 11], "rotation": 180, "texture": "#2"},
				"up": {"uv": [0, 12, 4, 16], "texture": "#2"},
				"down": {"uv": [0, 12, 4, 16], "texture": "#2"}
			}
		},
		{
			"from": [-0.75, -2.28264, 23.45191],
			"to": [2.75, 4.71736, 25.20191],
			"rotation": {"angle": -22.5, "axis": "x", "origin": [1.04034, 1.23368, 24.35095]},
			"faces": {
				"north": {"uv": [0, 12, 4, 16], "rotation": 180, "texture": "#2"},
				"east": {"uv": [0, 9, 4, 11], "rotation": 90, "texture": "#2"},
				"south": {"uv": [0, 12, 4, 16], "texture": "#2"},
				"west": {"uv": [0, 9, 4, 11], "rotation": 270, "texture": "#2"},
				"up": {"uv": [0, 12, 4, 16], "texture": "#2"},
				"down": {"uv": [0, 12, 4, 16], "rotation": 180, "texture": "#2"}
			}
		},
		{
			"from": [15, -0.5, -14.75],
			"to": [16, 5, -9.75],
			"rotation": {"angle": 0, "axis": "y", "origin": [8, 9, 8.75]},
			"faces": {
				"north": {"uv": [2, 0, 4, 4], "texture": "#4"},
				"east": {"uv": [2, 0, 4, 4], "texture": "#4"},
				"south": {"uv": [2, 0, 4, 4], "texture": "#4"},
				"west": {"uv": [2, 0, 4, 4], "texture": "#4"},
				"up": {"uv": [2, 0, 4, 4], "texture": "#4"},
				"down": {"uv": [2, 0, 4, 4], "texture": "#4"}
			}
		},
		{
			"from": [0, -0.5, -14.75],
			"to": [1, 5, -9.75],
			"rotation": {"angle": 0, "axis": "y", "origin": [8, 9, 8.75]},
			"faces": {
				"north": {"uv": [10, 7, 11, 8], "texture": "#0"},
				"east": {"uv": [10, 7, 11, 8], "texture": "#0"},
				"south": {"uv": [10, 7, 11, 8], "texture": "#0"},
				"west": {"uv": [10, 7, 11, 8], "texture": "#0"},
				"up": {"uv": [10, 7, 11, 8], "texture": "#0"},
				"down": {"uv": [10, 7, 11, 8], "texture": "#0"}
			}
		},
		{
			"name": "glass",
			"from": [2, 11.55, -5.5],
			"to": [14, 11.75, 9.75],
			"rotation": {"angle": -22.5, "axis": "x", "origin": [22, 11.75, 1]},
			"faces": {
				"north": {"uv": [0, 0, 16, 16], "texture": "#1"},
				"east": {"uv": [0, 0, 16, 16], "rotation": 90, "texture": "#1"},
				"south": {"uv": [0, 0, 16, 16], "rotation": 180, "texture": "#1"},
				"west": {"uv": [0, 0, 16, 16], "rotation": 270, "texture": "#1"},
				"up": {"uv": [0, 0, 16, 16], "texture": "#1"},
				"down": {"uv": [0, 0, 16, 16], "rotation": 180, "texture": "#1"}
			}
		},
		{
			"from": [0, 11, -5.75],
			"to": [2, 12, 9.75],
			"rotation": {"angle": -22.5, "axis": "x", "origin": [22, 11.75, 1]},
			"faces": {
				"north": {"uv": [10, 8, 12, 12], "texture": "#4"},
				"east": {"uv": [10, 8, 12, 12], "texture": "#4"},
				"south": {"uv": [10, 8, 12, 12], "texture": "#4"},
				"west": {"uv": [10, 8, 12, 12], "texture": "#4"},
				"up": {"uv": [10, 8, 12, 12], "texture": "#4"},
				"down": {"uv": [10, 8, 12, 12], "texture": "#4"}
			}
		},
		{
			"from": [0, 9.25, -4.75],
			"to": [0, 11, -0.25],
			"rotation": {"angle": -22.5, "axis": "x", "origin": [22, 11.75, 1]},
			"faces": {
				"north": {"uv": [10, 7, 11, 8], "texture": "#0"},
				"east": {"uv": [10, 7, 11, 8], "texture": "#0"},
				"south": {"uv": [10, 7, 11, 8], "texture": "#0"},
				"west": {"uv": [10, 7, 11, 8], "texture": "#0"},
				"up": {"uv": [10, 7, 11, 8], "texture": "#0"},
				"down": {"uv": [10, 7, 11, 8], "texture": "#0"}
			}
		},
		{
			"from": [8, 11, -5.75],
			"to": [16, 12, -5.25],
			"rotation": {"angle": -22.5, "axis": "x", "origin": [22, 11.75, 1]},
			"faces": {
				"north": {"uv": [0, 0, 2, 4], "texture": "#4"},
				"east": {"uv": [2, 0, 4, 4], "texture": "#4"},
				"south": {"uv": [1, 0, 3, 4], "texture": "#4"},
				"west": {"uv": [1, 0, 3, 4], "texture": "#4"},
				"up": {"uv": [1, 0, 3, 4], "texture": "#4"},
				"down": {"uv": [2, 0, 4, 4], "texture": "#4"}
			}
		},
		{
			"from": [0, 11, -5.75],
			"to": [8, 12, -5.25],
			"rotation": {"angle": -22.5, "axis": "x", "origin": [22, 11.75, 1]},
			"faces": {
				"north": {"uv": [10, 8, 12, 12], "texture": "#4"},
				"east": {"uv": [10, 8, 12, 12], "texture": "#4"},
				"south": {"uv": [10, 8, 12, 12], "texture": "#4"},
				"west": {"uv": [10, 8, 12, 12], "texture": "#4"},
				"up": {"uv": [10, 8, 12, 12], "texture": "#4"},
				"down": {"uv": [10, 8, 12, 12], "texture": "#4"}
			}
		},
		{
			"from": [14, 11, -5.75],
			"to": [16, 12, 9.75],
			"rotation": {"angle": -22.5, "axis": "x", "origin": [22, 11.75, 1]},
			"faces": {
				"north": {"uv": [2, 0, 4, 4], "texture": "#4"},
				"east": {"uv": [0.75, 0, 2.75, 4], "texture": "#4"},
				"south": {"uv": [1, 0, 3, 4], "texture": "#4"},
				"west": {"uv": [2, 0, 4, 4], "texture": "#4"},
				"up": {"uv": [2, 0, 4, 4], "texture": "#4"},
				"down": {"uv": [1, 0, 3, 4], "texture": "#4"}
			}
		},
		{
			"from": [16, 9.5, -4.75],
			"to": [16, 11, -0.25],
			"rotation": {"angle": -22.5, "axis": "x", "origin": [22, 11.75, 1]},
			"faces": {
				"north": {"uv": [10, 8, 12, 12], "texture": "#4"},
				"east": {"uv": [3, 0, 5, 4], "texture": "#4"},
				"south": {"uv": [10, 8, 12, 12], "texture": "#4"},
				"west": {"uv": [2, 0, 4, 4], "texture": "#4"},
				"up": {"uv": [2, 0, 4, 4], "texture": "#4"},
				"down": {"uv": [1, 0, 3, 4], "texture": "#4"}
			}
		},
		{
			"name": "glass",
			"from": [3, 13.55, 13.75],
			"to": [13, 13.75, 30],
			"rotation": {"angle": 22.5, "axis": "x", "origin": [22, 13.75, 20.75]},
			"faces": {
				"north": {"uv": [0, 0, 16, 16], "texture": "#1"},
				"east": {"uv": [0, 0, 16, 16], "rotation": 90, "texture": "#1"},
				"south": {"uv": [0, 0, 16, 16], "rotation": 180, "texture": "#1"},
				"west": {"uv": [0, 0, 16, 16], "rotation": 270, "texture": "#1"},
				"up": {"uv": [0, 0, 16, 16], "texture": "#1"},
				"down": {"uv": [0, 0, 16, 16], "rotation": 180, "texture": "#1"}
			}
		},
		{
			"from": [0, 12, 14],
			"to": [3, 13, 29.5],
			"rotation": {"angle": 22.5, "axis": "x", "origin": [22, 13.75, 20.75]},
			"faces": {
				"north": {"uv": [10, 8, 12, 12], "texture": "#4"},
				"east": {"uv": [10, 8, 12, 12], "texture": "#4"},
				"south": {"uv": [10, 8, 12, 12], "texture": "#4"},
				"west": {"uv": [10, 8, 12, 12], "texture": "#4"},
				"up": {"uv": [10, 8, 12, 12], "texture": "#4"},
				"down": {"uv": [10, 8, 12, 12], "texture": "#4"}
			}
		},
		{
			"from": [0, 11, 16],
			"to": [0, 14, 29.5],
			"rotation": {"angle": 22.5, "axis": "x", "origin": [22, 13.75, 20.75]},
			"faces": {
				"north": {"uv": [10, 8, 12, 12], "texture": "#4"},
				"east": {"uv": [10, 8, 12, 12], "texture": "#4"},
				"south": {"uv": [10, 8, 12, 12], "texture": "#4"},
				"west": {"uv": [10, 8, 12, 12], "texture": "#4"},
				"up": {"uv": [10, 8, 12, 12], "texture": "#4"},
				"down": {"uv": [10, 8, 12, 12], "texture": "#4"}
			}
		},
		{
			"from": [13, 12.25, 13.75],
			"to": [16, 13, 29.5],
			"rotation": {"angle": 22.5, "axis": "x", "origin": [22, 12.75, 20.75]},
			"faces": {
				"north": {"uv": [1, 0, 3, 4], "texture": "#4"},
				"east": {"uv": [0, 0, 2, 4], "texture": "#4"},
				"south": {"uv": [0, 0, 2, 4], "texture": "#4"},
				"west": {"uv": [0, 0, 2, 4], "texture": "#4"},
				"up": {"uv": [0, 0, 2, 4], "texture": "#4"},
				"down": {"uv": [0, 0, 2, 4], "texture": "#4"}
			}
		},
		{
			"from": [16, 10.25, 15.75],
			"to": [16, 13, 29.5],
			"rotation": {"angle": 22.5, "axis": "x", "origin": [22, 12.75, 20.75]},
			"faces": {
				"north": {"uv": [0, 0, 2, 4], "texture": "#4"},
				"east": {"uv": [0, 0, 2, 4], "texture": "#4"},
				"south": {"uv": [1, 0, 3, 4], "texture": "#4"},
				"west": {"uv": [0, 0, 2, 4], "texture": "#4"},
				"up": {"uv": [1, 0, 3, 4], "texture": "#4"},
				"down": {"uv": [1, 0, 3, 4], "texture": "#4"}
			}
		}
	],
	"display": {
		"gui": {
			"rotation": [22, 57, 0],
			"scale": [0.3, 0.3, 0.3]
		},
		"head": {
			"translation": [15.5, 11, 5.25],
			"scale": [4, 4, 4]
		}
	},
	"groups": [
		0,
		1,
		2,
		3,
		4,
		5,
		6,
		7,
		8,
		9,
		10,
		11,
		12,
		13,
		14,
		15,
		16,
		17,
		18,
		19,
		20,
		21,
		22,
		23,
		24,
		25,
		26,
		27,
		28,
		29,
		30,
		31,
		32,
		33,
		34,
		35,
		36,
		37,
		38,
		39,
		40,
		41,
		42,
		43,
		44,
		45,
		46,
		47,
		48,
		49,
		50,
		51,
		52,
		53,
		54,
		55,
		56,
		57,
		58,
		59,
		60,
		61,
		62,
		63,
		64,
		65,
		66,
		67,
		68,
		69,
		70,
		71,
		{
			"name": "chair",
			"origin": [8, 8, 8],
			"color": 0,
			"children": [72, 73]
		},
		{
			"name": "chair",
			"origin": [8, 8, 8],
			"color": 0,
			"children": [74, 75]
		},
		{
			"name": "steeringwheel",
			"origin": [8, 8, 8],
			"color": 0,
			"children": [76, 77, 78, 79, 80, 81, 82, 83, 84, 85]
		},
		86,
		87,
		88,
		89,
		90,
		91,
		92,
		93,
		94,
		{
			"name": "group",
			"origin": [8, 8, 8],
			"color": 0,
			"children": [95, 96, 97, 98, 99, 100, 101, 102]
		},
		{
			"name": "group",
			"origin": [8, 8, 8],
			"color": 0,
			"children": [103, 104, 105, 106, 107, 108, 109, 110]
		},
		{
			"name": "group",
			"origin": [8, 8, 8],
			"color": 0,
			"children": [111, 112, 113, 114, 115, 116, 117, 118]
		},
		{
			"name": "group",
			"origin": [8, 8, 8],
			"color": 0,
			"children": [119, 120, 121, 122, 123, 124, 125, 126]
		},
		{
			"name": "group",
			"origin": [8, 10.75, 8],
			"color": 0,
			"children": [127, 128]
		},
		{
			"name": "group",
			"origin": [22, 11.75, 1],
			"color": 0,
			"children": [129, 130, 131, 132, 133, 134, 135]
		},
		{
			"name": "group",
			"origin": [22, 11.75, 1],
			"color": 0,
			"children": [136, 137, 138, 139, 140]
		}
	]
}